id,name,created_at,updated_at
12334105,Shopin1901,2016-01-11 10:37:09 UTC,2016-01-11 10:37:09 UTC
12334112,Candisart,2016-01-11 14:23:09 UTC,2016-01-11 14:23:09 UTC
12334113,MiniatureBikez,2016-01-11 11:33:39 UTC,2016-01-11 18:30:35 UTC
12334115,LolaMarleys,2016-01-11 10:03:35 UTC,2016-01-11 10:03:35 UTC
12334123,Keckenbauer,2016-01-11 10:40:46 UTC,2016-01-11 10:40:46 UTC
12334132,perlesemoi,2016-01-11 17:35:53 UTC,2016-01-11 17:35:53 UTC
12334135,GoldenRayPress,2016-01-11 10:13:36 UTC,2016-01-11 10:13:36 UTC
12334141,jejum,2016-01-11 09:34:06 UTC,2016-01-11 09:34:06 UTC
12334144,Urcase17,2016-01-11 16:26:28 UTC,2016-01-11 16:26:28 UTC
12334145,BowlsByChris,2016-01-11 12:02:54 UTC,2016-01-11 12:02:54 UTC
12334146,MotankiDarena,2016-01-11 19:10:19 UTC,2016-01-11 19:10:19 UTC
12334149,TheLilPinkBowtique,2016-01-11 10:11:03 UTC,2016-01-11 10:11:03 UTC
12334155,DesignerEstore,2016-01-11 13:44:47 UTC,2016-01-11 13:44:47 UTC
12334159,SassyStrangeArt,2016-01-11 20:18:21 UTC,2016-01-11 20:18:21 UTC
12334160,byMarieinLondon,2016-01-11 15:14:30 UTC,2016-01-11 15:14:30 UTC
12334165,JUSTEmonsters,2016-01-11 16:18:28 UTC,2016-01-11 16:18:28 UTC
12334174,Uniford,2016-01-11 14:50:41 UTC,2016-01-11 14:50:41 UTC
12334176,thepurplepenshop,2016-01-11 15:12:31 UTC,2016-01-11 15:12:31 UTC
12334183,handicraftcallery,2016-01-11 10:49:00 UTC,2016-01-11 10:49:00 UTC
12334185,Madewithgitterxx,2016-01-11 11:51:36 UTC,2016-01-11 11:51:36 UTC
12334189,JacquieMann,2016-01-11 10:14:50 UTC,2016-01-11 10:14:50 UTC
12334193,TheHamAndRat,2016-01-11 13:11:07 UTC,2016-01-11 13:11:07 UTC
12334194,Lnjewelscreation,2016-01-11 15:16:05 UTC,2016-01-11 15:16:05 UTC
12334195,FlavienCouche,2016-01-11 11:30:31 UTC,2016-01-11 11:30:31 UTC
12334202,VectorCoast,2016-01-11 15:05:23 UTC,2016-01-11 15:05:23 UTC
12334207,BloominScents,2016-01-11 10:51:02 UTC,2016-01-11 10:51:02 UTC
12334208,GJGemology,2016-01-11 15:15:11 UTC,2016-01-11 15:15:11 UTC
12334213,MuttisStrickwaren,2016-01-11 10:06:10 UTC,2016-01-11 10:06:10 UTC
12334220,CottonBeeWraps,2016-01-11 15:13:20 UTC,2016-01-11 15:13:20 UTC
12334223,Snewzy,2016-01-11 11:15:32 UTC,2016-01-11 11:15:32 UTC
12334228,ElisabettaComotto,2016-01-11 15:57:05 UTC,2016-01-11 16:01:53 UTC
12334230,Hatsbybz,2016-01-11 16:15:49 UTC,2016-01-11 16:15:49 UTC
12334234,Princessfrankknits,2016-01-11 15:51:31 UTC,2016-01-11 15:51:31 UTC
12334235,WellnessNeelsen,2016-01-11 12:17:26 UTC,2016-01-11 12:17:26 UTC
12334236,GiftOfFelt,2016-01-11 18:20:41 UTC,2016-01-11 20:21:20 UTC
12334246,Corbeilwood,2016-01-11 15:44:19 UTC,2016-01-11 15:44:19 UTC
12334257,Woodenpenshop,2016-01-11 11:43:59 UTC,2016-01-11 11:43:59 UTC
12334261,esellermart,2016-01-11 14:34:07 UTC,2016-01-11 14:34:08 UTC
12334264,LunaGuatemala,2016-01-11 15:39:15 UTC,2016-01-11 15:39:15 UTC
12334266,FlyingLoaf,2016-01-11 18:51:56 UTC,2016-01-11 18:51:56 UTC
12334269,TeeTeeTieDye,2016-01-11 10:52:17 UTC,2016-01-11 10:52:17 UTC
12334271,TheAssemblyRooms,2016-01-11 11:34:30 UTC,2016-01-11 11:34:30 UTC
12334275,BrattyGirlGems,2016-01-11 11:17:01 UTC,2016-01-11 11:17:01 UTC
12334277,tmsDOM,2016-01-11 13:21:54 UTC,2016-01-11 13:21:54 UTC
12334280,MomsTshirts,2016-01-11 15:47:56 UTC,2016-01-11 15:47:56 UTC
12334281,justMstyle,2016-01-11 11:42:51 UTC,2016-01-11 11:42:51 UTC
12334284,CERAMICANDCO,2016-01-11 15:44:38 UTC,2016-01-11 15:44:38 UTC
12334289,outletEsteCeramiche,2016-01-11 11:10:56 UTC,2016-01-11 11:10:56 UTC
12334296,RedefinedArt84,2016-01-11 19:14:50 UTC,2016-01-11 19:14:50 UTC
12334299,ZazaBoutiqueShop,2016-01-11 15:08:55 UTC,2016-01-11 15:08:55 UTC
12334301,charlottewithlove,2016-01-11 14:31:43 UTC,2016-01-11 14:31:43 UTC
12334302,littledorisdesigns,2016-01-11 16:27:48 UTC,2016-01-11 16:27:48 UTC
12334303,SLHandmades,2016-01-11 11:23:02 UTC,2016-01-11 14:55:12 UTC
12334305,elkeyhandmade,2016-01-11 20:58:25 UTC,2016-01-11 20:58:25 UTC
12334315,Soudoveshop,2016-01-11 10:44:48 UTC,2016-01-11 10:44:48 UTC
12334319,dansoilpaintings,2016-01-11 11:49:05 UTC,2016-01-11 11:49:05 UTC
12334324,McGillsMetalAndArt,2016-01-11 15:51:46 UTC,2016-01-11 15:51:46 UTC
12334326,MMVinyl,2016-01-11 16:27:50 UTC,2016-01-11 16:27:50 UTC
12334333,wholesalergemstones,2016-01-11 10:44:41 UTC,2016-01-11 10:44:41 UTC
12334343,matthewbritts,2016-01-11 10:46:16 UTC,2016-01-11 10:46:16 UTC
12334346,MadFineJewelryLine,2016-01-11 15:43:16 UTC,2016-01-11 15:43:16 UTC
12334347,EkaterinaPa,2016-01-11 12:27:32 UTC,2016-01-11 16:06:15 UTC
12334348,WroughtiesCustomIron,2016-01-11 15:41:58 UTC,2016-01-11 15:41:58 UTC
12334353,fronishair,2016-01-11 11:34:35 UTC,2016-01-11 11:34:35 UTC
12334360,Natsweet2015,2016-01-11 15:38:56 UTC,2016-01-11 15:38:56 UTC
12334361,TheWoodchopDesign,2016-01-11 11:37:48 UTC,2016-01-11 11:37:48 UTC
12334364,ToThePoints,2016-01-11 16:20:41 UTC,2016-01-11 16:20:41 UTC
12334365,2MAKERSMARKET,2016-01-11 11:59:37 UTC,2016-01-11 11:59:37 UTC
12334371,homiehandmade,2016-01-11 13:31:59 UTC,2016-01-11 13:31:59 UTC
12334372,JewelrySpotByElaine,2016-01-11 16:24:43 UTC,2016-01-11 16:24:43 UTC
12334382,DizzyUnicornDesigns,2016-01-11 15:25:27 UTC,2016-01-11 15:25:27 UTC
12334389,WoodleyShop,2016-01-11 11:52:57 UTC,2016-01-11 11:52:57 UTC
12334393,PegAwayPegBoards,2016-01-11 11:30:24 UTC,2016-01-11 11:30:24 UTC
12334395,Jesuisunponey,2016-01-11 11:46:06 UTC,2016-01-11 11:46:06 UTC
12334397,BLAISEPANDORA,2016-01-11 12:22:31 UTC,2016-01-11 12:22:31 UTC
12334400,RRresale2016,2016-01-11 16:55:08 UTC,2016-01-11 16:55:08 UTC
12334401,Witoldart,2016-01-11 11:44:13 UTC,2016-01-11 11:44:13 UTC
12334403,IOleynikova,2016-01-11 12:33:41 UTC,2016-01-11 15:15:07 UTC
12334404,MyZinglet,2016-01-11 15:40:06 UTC,2016-01-11 15:40:06 UTC
12334405,Sikaf,2016-01-11 14:33:18 UTC,2016-01-11 17:15:44 UTC
12334407,MisisJuliBebe,2016-01-11 12:14:01 UTC,2016-01-11 12:45:03 UTC
12334411,leaburrot,2016-01-11 12:29:33 UTC,2016-01-11 12:29:33 UTC
12334413,kiDsGarMenT,2016-01-11 11:43:27 UTC,2016-01-11 11:43:27 UTC
12334420,EndlessCirclesHoops,2016-01-11 17:55:01 UTC,2016-01-11 17:55:02 UTC
12334423,ExecutiveGiftShoppe,2016-01-11 11:35:10 UTC,2016-01-11 11:35:10 UTC
12334434,TiffsOscPandora,2016-01-11 15:37:49 UTC,2016-01-11 15:37:49 UTC
12334442,isincerely88,2016-01-11 15:47:57 UTC,2016-01-11 15:47:57 UTC
12334443,FADIBEKA,2016-01-11 12:51:31 UTC,2016-01-11 12:51:31 UTC
12334444,Frockettoya,2016-01-11 16:06:04 UTC,2016-01-11 16:06:04 UTC
12334454,MaidichaToos,2016-01-11 15:41:38 UTC,2016-01-11 15:41:38 UTC
12334455,MyouBijou,2016-01-11 13:01:22 UTC,2016-01-11 13:01:22 UTC
12334460,CHALKLEYSWOODSHOP,2016-01-11 19:31:31 UTC,2016-01-11 19:48:35 UTC
12334471,Hollipoop,2016-01-11 11:49:12 UTC,2016-01-11 11:49:12 UTC
12334473,FrenchiezShop,2016-01-11 12:10:08 UTC,2016-01-11 12:10:08 UTC
12334478,DenesDoorDecor,2016-01-11 19:59:41 UTC,2016-01-11 19:59:41 UTC
12334488,OwlMuffs,2016-01-11 18:54:56 UTC,2016-01-11 18:54:57 UTC
12334490,AnnaWilsonArt,2016-01-11 15:50:57 UTC,2016-01-11 15:50:57 UTC
12334496,ElaineClausonArt,2016-01-11 16:17:18 UTC,2016-01-11 16:17:18 UTC
12334499,Madefromresin,2016-01-11 14:55:18 UTC,2016-01-11 14:55:18 UTC
